nom	Procedes	NaPond	MgPond	AlPond	SiPond	PPond	SPond	ClPond	KPond	CaPond	TiPond	VPond	MnPond
Ago0.25D	D	0	1.412242647	3.924502116	19.32423431	0.192901173	0.597696706	0.181439811	2.206065527	5.886429542	0.173626448	0.073207724	4.303174316
AgolouD	D	0	1.372442774	4.621744976	21.91550837	0.339401273	0.808561067	0.296714237	2.881444425	6.534036887	0.154334637	0.044940868	4.298685395
arfon10a	D	0	0.284609356	7.385878929	12.11157842	0.67503023	1.230269657	0.280628994	1.190910917	25.09364004	0.246496012	0.039268549	0.097722748
auluslame	D	0	2.129374577	4.288398903	22.37646389	0.118588673	0.174926446	0.186497265	4.34962907	12.9277644	0.261077848	0.152230465	10.80343171
aulusling	D	0	2.459851427	4.589017551	23.31153665	0.123472797	0.325700527	0.194178232	3.305714638	8.897113099	0.169591188	0.158500139	12.8315573
avt1	D	0	2.09602918	3.359818812	31.60418584	0.456492438	0.157693882	0.216234388	3.217213731	3.824050336	0.188854571	0.176503722	3.754712859
avt3	D	0	1.397254609	3.506477756	28.06910611	0.837563719	0.186320965	0.255488668	2.739299889	5.751420164	0.223138435	0.208545464	2.910138656
avt5	D	0	0.991934	4.10519669	28.16716731	0.124141591	0.17846568	0.244717275	2.121281225	5.664129923	0.213730926	0.199753195	5.72034267
TPSUD	D	0	2.206099981	2.272102601	25.06804327	0.20140915	0.334939632	0.222710654	4.546652194	12.0236657	0.194510806	0.181790046	4.943614522
BM1093	D	0	0.348280572	3.743334068	26.519275	2.942162016	0.540202731	0.302998218	1.998853621	1.860874396	0.278953554	0.247325662	0.218035826
BMO1783	D	0	0.280570521	4.223618905	24.46547889	4.188974297	0.59917232	0.297315285	2.965035624	1.986135383	0.279116468	0.242686905	0.384925503
CA07bauvais	D	0	0.198412192	4.690938639	26.1625325	1.755118389	0.570852534	0.302265222	2.458709957	1.776728535	0.2094905	0.246727345	1.391292349
CA16bauvais	D	0	0.484211306	6.017086465	29.80286536	0.627197107	0.334981134	0.253496561	2.516360858	2.744967957	0.414900921	0.206919385	0.366747803
C132Bauvais	D	0	1.266861697	7.068904779	24.77284345	2.919908563	0.348155649	0.255079297	3.400280174	2.64617495	0.265461029	0.20821131	1.441122424
cab2b	D	0	0.783590692	5.291335348	26.87312955	0.627162408	0.372521645	0.248063519	4.068543883	4.512315473	0.216653465	0.202484603	2.833475707
cab14	D	0	0.516410635	1.810616547	25.79732045	1.729442653	0.754436116	0.290280527	3.912957341	3.816341859	0.253524914	0.236944706	4.030243701
cab15	D	0	0.746196485	5.781602849	25.6454147	1.244663828	0.710218982	0.241561114	4.567160641	5.034203495	0.210974402	0.197176943	3.483610001
cab16	D	0	0.973747662	4.100436801	20.80329079	1.471418656	0.512390179	0.292003006	3.409605323	6.977677957	0.25502929	0.238350698	6.035465729
cab20	D	0	1.304853596	4.603662387	23.25585783	2.675578685	0.326973182	0.22630747	5.032685377	9.140225989	0.197652189	0.184725987	3.323694059
cab21a	D	0	0.584277448	5.276074655	22.39753034	2.926939762	0.197907724	0.726345813	4.505711028	3.925559359	0.237014765	0.2215143	4.134679269
cab21b	D	0	0.824919309	3.757113206	26.51424068	2.165376581	0.666718467	0.250701155	3.780777793	3.826538942	0.218957121	0.204637603	3.813291013
frou1101	D	0	0.408916898	3.608889173	18.893659	5.720418857	1.004696299	0.337250544	1.53987699	2.811452327	0.075109622	0.02752845	2.220756501
frou1104	D	0	0.245655046	3.528116812	17.99608577	1.798183643	0.900564255	0.403130456	1.359297734	3.679488563	0.063375421	0.025263294	1.668891836
kaym00	D	0	0.052663952	6.175189684	17.5647417	0.078042295	0.250302971	0.214068172	2.12056904	1.611881034	0.630064108	0.174735523	25.59370478
kaym01	D	0	0.229429568	5.861284735	18.69465017	0.413942157	0.600398799	0.238918229	2.719798705	2.280611829	0.551615134	0.195019659	18.92340106
kaymlou	D	0	0.206483329	4.692177221	15.5412672	9.848095381	1.113703986	0.317760397	1.912870996	2.277061821	0.051725984	0.022957488	1.34863159
linglorr	D	0	1.820779782	9.067751716	21.67956123	1.017266314	0.261499528	0.264717456	0.96784652	9.966620907	0.231198664	0.216078564	0
ludresF212	D	0	1.763704072	9.82862884	19.16794823	0.680962663	0.386357132	0.094777874	0.963143582	20.9568561	0.240548559	0.027110284	0.187405523
ludresF272	D	0	1.675150918	8.752270562	19.01056284	2.227636358	0.21480999	0.116161998	1.886418762	18.68197603	0.239593189	0.126565794	0.337090073
ludresF209	D	0	0.742508705	7.48016382	17.47759443	1.931222357	0.220140107	0.299540471	0.75293213	13.08160168	0.262250839	0.244503237	0.338035982
ludresF217	D	0	2.356046568	10.22682173	19.49511812	1.356918915	0.339649722	0.18125109	1.371838173	17.83860654	0.158300894	0.147948216	0.204544615
ludresF221	D	0	1.451154704	8.885489172	19.53904489	2.492984587	0.2524251	0.237134635	2.003692372	18.16278985	0.187907871	0.153516438	0.212242915
ludresF269	D	0	1.621715978	9.321609338	15.18913408	2.509936194	0.517449582	0.179970682	1.017856985	26.31011835	0.201155883	0.145076768	0.200574717
LudresF248	D	0	1.629101558	8.833423266	16.31371545	1.915679259	0.135025239	0.184998406	0.982679385	25.57423004	0.161624388	0.151007004	0.250462671
LudresF268	D	0	1.474864056	7.588449834	16.29583177	2.292445058	0.156593768	0.20239748	1.814270277	23.98090799	0.18605367	0.165209298	0.228477275
LudresF224	D	0	1.138882818	9.307772881	14.02637891	2.2838985	0.285668068	0.268698926	2.290572357	16.91218676	0.234675996	0.219328484	0.303230829
marsal	D	0	8.491469002	6.48921036	21.34992575	5.180720386	0	0.298477645	0.779382575	5.103600161	0.260684104	0.243635694	0.733219102
mel0509	D	0	0.609196445	4.296042795	12.16420323	1.148931569	0.329538306	0.386536444	1.452873166	25.15097637	0.270904782	0.253187953	0.350852717
mel0518	D	0	2.184620683	6.711132344	19.38018568	1.981997448	0.268886321	0.10443747	2.48732124	16.34415153	0.204096488	0.033910904	0.085952621
mel0523	D	0	0.264947233	6.416448185	15.27318186	2.2944904	0.702041719	0.307207599	1.977146045	15.6328385	0.247401494	0.061876242	0.062391057
mel0524	D	0	0.213643908	5.618454959	14.20960573	6.9769989	0.3943391	0.084907878	2.509914941	17.07211013	0.176552774	0.052784897	0.094039899
mel0525	D	0	0.386549848	7.772444661	19.76857023	3.570347409	0.253494546	0.231732677	2.00323108	15.39285371	0.22457764	0.044338324	0.109546802
mel0526	D	0	1.226836945	7.843699885	18.70438927	4.571905401	0.294020829	0.214294809	2.03102303	15.35041382	0.251956868	0.036672991	0.134093313
Ha01	D	0	0.287190621	4.666479984	24.51079328	1.652443662	0.906866157	0.326863886	1.582196569	3.419355466	0.28547605	0.266806278	0.368870872
oul1771	D	0	0.312932815	3.55907123	17.17144501	5.971057898	1.209691594	0.364605674	1.817853645	2.114658327	0.36771317	0.107140836	1.173319384
oul1885	D	0	0.293828669	3.462316079	25.54825206	1.215358327	0.522249211	0.334418932	2.29373776	2.79561068	0.230942603	0.057387848	0.396354466
oul1852	D	0	0.277172288	4.030922741	25.62532688	1.997378093	0.730662923	0.315461594	2.125543907	2.673229116	0.141799688	0.006866641	0.342712426
oul5515	D	0	0.915284587	4.986944698	28.20731505	1.892615915	0.633692639	0.22515657	3.1017775	6.082390556	0.283754363	0.028861295	1.047990886
oul3013	D	0	0.534907864	4.960872298	30.79742743	0.888666617	0.396609967	0.225988103	2.998340822	5.106279039	0.284951908	0.015272011	0.500098028
oul38995	D	0	0.951577186	5.262255546	24.63100416	3.192674003	0.632051117	0.256771771	2.910663689	5.612572193	0.226167658	0.021405223	0.895946818
oul7171	D	0	0.32735101	3.589181952	17.32495969	5.881022994	1.199857082	0.363257833	1.848963355	2.147846607	0.362166499	0.107657116	1.168860254
SM24 1 L3	D	0	0.802759363	5.301738872	20.6782083	6.960891754	0.582011137	0.287202191	2.378060687	2.927911177	0.258003112	0.23443198	0.495825285
SM24 1 L4	D	0	0.799589881	4.607462931	22.64212596	5.265548829	0.591135374	0.257949921	2.731604918	5.703404985	0.288008232	0.210554489	1.653450351
SM24 2 L1	D	0	0.383886689	3.940431834	19.34256316	6.681549433	0.231878847	0.317958946	2.240092589	4.071035744	0.277698663	0.259537522	0.827212908
SM9 1 2	D	0	0.270788022	3.652230465	21.94611057	1.94724564	0.775402381	0.350677459	1.881792544	2.566817853	0.359128522	0.286244372	2.577995033
SM9 2 1	D	0	0.405210498	3.792356802	27.72375535	0.674345505	0.715536799	0.299657614	2.458410503	3.220670296	0.32402768	0.244598857	0.385833791
SM25 1	D	0	1.108878601	7.658402743	30.41505984	0.137080153	0.157018508	0.213368804	2.449609022	3.766688368	0.200351747	0.174164657	1.010110143
SM25 2	D	0	0.825882009	6.123983955	25.45285693	0.656269809	0.20990954	0.287834001	2.585036389	3.195884481	0.251388169	0.234947701	1.722938837
SM6 2	D	0	0.469261877	4.323122639	25.0177704	0.187545356	0.215092692	0.294941287	2.88910531	4.179691243	0.257595523	0.240749103	4.525036026
sm6	D	0	1.862785811	8.711450821	27.93113138	0.388216732	0.39957382	0.231259498	3.668141484	2.598509681	0.262259609	0.188768135	0.430416024
sm7	D	0	1.037971144	4.716633582	22.6260723	0.466655332	0.621616316	0.311306827	2.599790236	5.434621055	0.204530574	0.254107656	3.306436028
sm8	D	0	1.608343571	6.627113906	28.18386455	0.662695491	0.545193126	0.245067383	2.661505412	1.952305812	0.200067992	0.200038974	2.610747857
SM2 1 1 L1	D	0	1.699724912	7.98184597	29.4017816	0.221133505	0.288807575	0.201074622	4.166460378	4.704972769	0.219768816	0.164129394	0.960826215
SM2 1 1L2	D	0	2.355222123	9.51683087	29.25674847	0.276361204	0.326642684	0.189788918	3.429555714	4.218153087	0.320243786	0.154917313	0.50160882
SM2 1 2 L2	D	0	0.655333203	5.560358011	23.60277168	1.095363455	0.981648846	0.297002094	4.136487049	3.85727396	0.267966715	0.242431259	1.308042762
SM2 1 2 L3	D	0	0.830550574	5.233901689	21.6267783	1.101641221	0.922886269	0.332704834	2.868618248	3.385916436	0.285646401	0.271574017	1.964692712
SM2 2 2	D	0	1.980467431	8.57443433	30.45863997	0.283491419	0.346657615	0.192168053	3.104559785	3.273157747	0.390989673	0.156859308	1.25191581
SM10 1 1 L1	D	0	1.244692406	4.63467398	25.20818864	0.189517112	0.217354066	0.298042149	2.933302867	5.410817508	0.26030375	0.243280215	1.488917503
SM10 1 2 L1	D	0	3.529397142	6.812981527	28.10475045	0.163008123	0.204101603	0.209525237	3.121136488	4.804110474	0.182994939	0.171027302	1.240203676
SM10 1 2 L2	D	0	3.140392395	6.785501592	28.27951841	0.150922826	0.165682579	0.214847577	3.357582027	4.677932457	0.187643359	0.175371722	1.055572738
SM10 1 3 L2	D	0	2.73560718	4.922193553	23.12706397	0.366392765	0.221322342	0.303483563	2.243478545	4.605505081	0.265056167	0.24772183	2.418635953
SM10 2 1 L1 1	D	0	3.864728451	8.273042637	25.76700838	0.450037391	0.436968051	0.220447598	3.534689801	3.538738147	0.1925343	0.179942801	0.441400541
SM10 2 1 L1 2	D	0	1.304729054	4.70314996	20.65027419	0.297996463	0.275956633	0.378399674	2.324513243	3.083457515	0.330486325	0.308872938	1.163186768
SM10 2 2 L1	D	0	1.096934087	4.285433547	20.73790791	0.247592434	0.272871095	0.374168696	2.645154047	3.561497514	0.326791078	0.305419356	1.610313855
SM10 2 2 L2	D	0	1.938854941	6.274063231	26.54290948	0.172582995	0.197932605	0.271410883	2.803841571	2.733345225	0.237044563	0.221542149	1.583566183
SM10 2 3 L2	D	0	3.145240027	6.743691717	29.31101943	0.173313018	0.169996311	0.212337172	3.550972242	3.279791037	0.185450825	0.173322576	0.915728604
SM2 5	D	0	1.311472138	5.913359769	27.58937651	0.168221006	0.155805566	0.213645075	4.172299484	8.349470193	0.18659312	0.174390166	1.500507447
SM9 3 1	D	0	1.873885646	8.696880584	28.2734574	0.399142426	0.410267979	0.227430165	3.611735828	2.53712145	0.267598011	0.185642399	0.440631149
SM9 6	D	0	1.639677494	8.500240542	23.65113	0.174530402	0.197144681	0.270330458	2.94651194	3.6857106	0.236390414	0.22066024	2.567363273
SM9 8	D	0	0.31464765	5.439095347	24.89758759	0.287379789	0.251228648	0.3434178	1.962808873	1.147307257	0.307550687	0.280318595	0.878665828
SM9 9	D	0	0.544006227	4.312903516	20.49568139	0.610289172	0.273697937	0.375302486	2.409955176	4.205729666	0.327781306	0.306344824	0.590004002
SM9 10	D	0	2.338787624	7.748434704	28.20323933	0.13006825	0.149173142	0.204550504	3.895334759	5.729349829	0.197839377	0.166966622	0.614268194
SM24 2 L2	D	0	0.718742752	5.812734736	23.38559373	0.934978504	0.234752121	0.321898862	2.552739542	4.095781148	0.281139703	0.262753523	0.363267768
SM24 2 L3	D	0	0.333243279	3.338072971	23.67301782	0.566869912	0.254400492	0.34402384	2.102574642	2.855785271	0.300463193	0.280813281	3.379911241
SM24 2 L4	D	0	0.490050232	3.819650615	25.93104989	0.503740194	0.236882352	0.314789557	2.453145409	2.325899181	0.274930585	0.256950474	2.952277408
SM24 2 L5	D	0	0.841806935	8.319613299	31.91464682	0.296782476	0.170950178	0.210815875	2.521967858	1.043901676	0.37155941	0.1720808	1.273797708
ul38921	D	0	0.926382831	5.354982352	24.8853066	2.860945036	0.624410791	0.256762812	2.876260083	5.654952361	0.226001499	0.022083155	0.958613347
v995a	D	0	0.797154011	4.555478455	25.74632386	0.770637349	0.468809565	0.272392019	4.671829925	2.866630292	0.192517186	0.029417691	4.165013767
v996a	D	0	0.467341034	9.479112684	27.64423824	0.336493464	0.255957906	0.213536797	4.403892184	4.360370651	0.186498552	0.174301783	1.956315614
SM24 1L1	D	0	0.316438993	3.967294705	17.89777031	4.326061237	0.296777106	0.406949307	0.904367688	1.943783745	0.355420974	0.332176893	0
cgl02Me	I	0	0.4092823	1.446878341	17.12904026	11.249652	0.186143067	0.255244729	2.743802265	11.63630611	0.222925383	0.208346345	0.172828538
fleuret19	I	0	0.531357837	0.890552927	16.9802392	6.789172136	0.503291987	0.418450282	1.650621845	2.766939648	0.205885105	0.227139298	0.84676444
fleuret18	I	0	1.002317585	1.560190872	12.96515401	6.906401457	0.281726177	0.386311039	0.467254544	4.310083166	0.337395945	0.315330678	7.713838907
GL0443	I	0	0.500061686	0.371478815	13.19316365	17.26123476	0.836175154	0.341561302	1.127457642	2.41723436	0.298312464	0.278803207	0
GL0532	I	0	0.79559427	1.020870593	20.85706558	8.063559514	0.38918448	0.185734032	1.20912333	3.262196039	0.144408035	0.067935881	2.446213048
GLSSNOM	I	0	0.643064271	0.811422069	17.07207665	7.926260364	0.553769784	0.354513507	1.25595291	3.624496323	0.309624649	0.289375589	2.519174953
JEan02	I	0	0.816068076	1.210888842	18.42931905	5.518692847	0.40989852	0.305614345	1.518777391	11.37178586	0.090055525	1.292642369	0.417467387
montdauphin	I	0	0.262218013	2.215403143	16.3380027	1.74348612	0.52183255	0.2977149	0	16.77113712	0.260017938	0.243013094	5.497959015
mont144	I	0	0.252457517	1.060612386	8.262740503	12.71806395	0.266505663	0.291554691	0.865296923	13.39820779	0.369562739	2.17843166	0.669959382
montbard1	I	0	0.282581748	3.73182563	10.92506718	8.970611879	0.573470605	0.321618331	0	13.81822108	0.280894693	0.262524536	0.310166467
montbard3	I	0	0.252407897	4.342537645	9.782375717	11.3464986	0.119715852	0.287276185	1.131756109	9.609415612	0.200720787	0.080397387	0.611340179
montbardtirant	I	0	0.963275482	1.902469076	4.753724565	17.85831804	0.239860387	0.27408622	1.547071543	10.18053321	2.489563917	2.908436991	0.309310473
NoisielL	I	0	0.270050038	2.187268919	9.621256029	16.3864346	1.350282179	0.29224429	0.493144985	9.04153512	0.15239697	0.208991013	0.33527202
ouen08	I	0	0.224197231	0.9881179	23.84564289	3.62096997	0.326717071	0.309330431	0.788385445	3.759620731	0.270162699	0.252494401	0.349084102
ouen13	I	0	0.395449227	0.355321116	6.296247438	18.33687011	1.381249061	0.368245325	1.076886762	4.74065797	0.321617729	0.300584338	1.077250971
OUEN15	I	0	0.236188998	0.772272417	9.739177556	17.79844696	0.442071971	0.336020957	1.043705083	2.332988558	0.480122881	1.490990643	0.595351483
ouen16	I	0	0.331526776	0.978230674	10.98598873	12.74524824	0.29986771	0.411187231	0.499683466	2.524309747	0.359122288	0.43830132	0.858184485
ouen17	I	0	0.250934093	0.989938164	7.821095587	12.28514566	0.405908263	0.324544075	0.74191116	8.756066729	0.283449976	7.920889935	0.36625293
ouen20	I	0	0.242412701	0.887602079	13.44442797	10.55137585	0.856328143	0.299241026	0.381485611	10.82292398	0.317802603	2.260859567	1.833700436
ouen24	I	0	0.27160229	2.672303327	13.62369441	9.859461083	0.537313582	0.302149462	0.854610987	7.035490979	0.369041403	3.085946175	0.45796273
pointglück	I	0	0.54195	0.743224437	12.30251558	4.386061557	0.790433864	0.321018528	0.845481662	2.264986626	0.144128558	0.099883348	0.94908135
troy07	I	0	1.023120752	0.666836367	14.71807528	13.39014807	0.333471461	0.290361544	1.447467646	6.801083097	0.253595672	0.374652685	1.949559309
troy13	I	0	0.495299264	1.843585871	21.83915849	10.14014559	0.205204018	0.281381653	2.131538241	2.21613263	0.263321536	0.582900805	0.439155877
troy14	I	0	0.299049938	0.509726088	9.300694899	13.92254275	0.874173057	0.332316572	0.145958281	13.38010791	0.270240514	0.358140186	1.771762902
troy15	I	0	0.42123237	1.623355303	9.001629792	16.6882993	1.09529105	0.478682664	0.723054767	3.306183169	0.302407119	0.262097123	1.01945135
vigmor	I	0	0.870225732	1.601988221	16.71760883	1.985161751	0.345136244	0.202986913	1.90523819	17.51161929	0.554721	0.589453089	2.90170764
SaintSulp9B	I	0	0.341473885	0.453493147	6.991956078	10.62424619	2.025717988	0.384753323	0.868436773	8.925797569	0.336035468	0.372457204	1.045737779
SaintSulp9A	I	0	0.353309143	0.373049987	7.508530195	10.43672937	1.253385796	0.366042488	0.916428928	12.71297979	0.319693818	0.365285002	1.21857926
SaintSulp23B	I	0	0.549239405	0.515795917	12.12188766	12.90455598	1.238136871	0.315170543	1.324988796	8.32429151	0.27526333	0.283797883	1.6213666
SULPA	I	0	0.312523931	0.39412012	6.982183128	16.61345795	0.461825485	0.329415607	0.975630628	9.578933013	0.289435155	0.29853701	2.673339478
SILPB	I	0	0.514425355	0.728713291	8.110478535	17.40094407	0.589014323	0.279219972	1.720112895	11.18870583	0.243864857	0.227916404	2.476725545
3k pont puddlé	I	0	0.673419499	1.773300911	13.2926292	11.57582291	1.273318977	0.381859524	0.287889834	0.976238346	0.101169651	0.112011293	0.170631399
3g pont puddlé	I	0	1.021101139	1.851326305	11.370125	11.82407249	1.003543444	0.165956915	0.206697145	0.466132982	0.136445696	0.141770014	0.812612539
ORL6-1	I	0	0.953119034	1.081267334	15.90838135	3.947037529	0.515209167	0.214206204	1.719368706	5.988404704	0.147650661	0.250439899	0.223650845
ORL3-1	I	0	1.463647094	1.900015898	28.57409619	0.398564589	0.091418589	0.021942452	1.116747011	7.140320837	0.051825422	0.011967322	0.026315276
ORL2-1	I	0	0.863429381	1.026062969	16.63865056	2.990541949	0.539402026	0.282817443	1.601008781	5.369043764	0.203254985	0.192900149	0.3241893
ORL3-4	I	0	0.910370226	1.077935149	13.28488399	2.987415708	0.533556073	0.214300241	0.936667208	4.633094915	0.154987222	0.14032251	0.228236483
ORL3-3	I	0	1.076630397	1.761589516	29.35439022	0.079564861	0.105645365	0.048448706	3.113928785	11.32160097	0.67623885	0.192067475	0.536919133
NAESA1	I	0	0.40599841	0.377151685	6.159353774	0.221855261	0.457341531	0.627119866	0.179993475	2.031858232	0.547713314	0.511893558	3.562735338
NAESC1	I	0	0.919232192	0.85282259	6.290872298	0.742817242	0.40347826	0.553260998	0.446892689	5.171363014	0.483206531	0.451605437	7.927103847
NAESD1	I	0	0.202129717	0.285172457	8.018420503	0.395881655	0.394458416	0.540892729	0.105163285	2.158300305	0.472404345	0.441509699	11.2556753
NAESN1	I	0	0.093340688	0.141633093	10.18671487	0.45985187	0.423932957	0.581309068	0.332301887	1.296087919	0.507703126	0.474499985	3.302598077
NAESP1	I	0	0.616066957	0.277031212	6.570480353	2.674286635	0.374398799	0.513386405	0.041807823	2.150039814	0.448380899	0.419057357	12.99642718
LJAC01	I	0	0.733013284	4.907321844	15.49634453	2.546696743	0.314716888	0.431548851	0.836511296	0.442386985	0.376905699	0.352256544	0.563844126
LJAC04	I	0	0.698181486	0.959726712	10.37925067	9.711373399	0.282454088	0.387309172	0.691810689	2.371484062	0.338267693	0.316145414	7.685643244
LJAC03g	I	0	0.729144357	1.211081623	16.17355301	6.47932341	0.275712172	0.378064463	1.04062835	3.85518585	0.330193558	0.308599318	3.154109122
LJAC02	I	0	1.665535927	3.22771814	17.8833879	2.004699476	0.253046229	0.34698427	2.196675256	8.73681164	0.303048771	0.283229765	1.626406867
LJC1	I	0	0.919232192	0.85282259	6.290872298	0.742817242	0.40347826	0.553260998	0.446892689	2.419962989	0.483206531	0.451605437	7.927103847
MEL05-18	D	0	1.36307584	7.781323956	16.82400987	2.77983598	0.497711	0	2.156151829	15.87782722	0.192077528	0.014491765	0.011941735
FLEU02	I	0	0.461436266	0.841564252	14.10719706	4.06837288	1.340236654	0	0.746233425	2.66571949	0.020891094	0.066204126	1.410853172
BUF03	I	0	1.376077431	1.62472952	9.424379873	8.207527813	0.221198281	0	0.746028267	11.51704313	0.754278122	4.049547013	1.450461838
ARFON10a	D	0	0.67853294	6.958595525	10.83222034	0.716456147	1.187097919	0	0.847874155	22.7056448	0.266618503	0.004162874	0.017303381
OUL1884	D	0	0.731641901	2.779676263	13.82866466	0.218053042	0.34716389	0	0.6275137	2.402701213	0.210605299	0.000266628	0.013955649
